Country Name,Country Code,Indicator Name,Indicator Code,1960,1961,1962,1963,1964,1965,1966,1967,1968,1969,1970,1971,1972,1973,1974,1975,1976,1977,1978,1979,1980,1981,1982,1983,1984,1985,1986,1987,1988,1989,1990,1991,1992,1993,1994,1995,1996,1997,1998,1999,2000,2001,2002,2003,2004,2005,2006,2007,2008,2009,2010,2011,2012,2013,2014,2015
Aruba,ABW,"International migrant stock, total",SM.POP.TOTL,7893,0,0,0,0,7677,0,0,0,0,7466,0,0,0,0,7262,0,0,0,0,7063,0,0,0,0,9860,0,0,0,0,14444,0,0,0,0,22274,0,0,0,0,30104,0,0,0,0,32540,0,0,0,0,34327,0,0,0,0,36114
Afghanistan,AFG,"International migrant stock, total",SM.POP.TOTL,46468,0,0,0,0,49535,0,0,0,0,53051,0,0,0,0,57043,0,0,0,0,59021,0,0,0,0,56118,0,0,0,0,57686,0,0,0,0,71522,0,0,0,0,75917,0,0,0,0,87300,0,0,0,0,102246,0,0,0,0,382365
Angola,AGO,"International migrant stock, total",SM.POP.TOTL,122089,0,0,0,0,77075,0,0,0,0,48657,0,0,0,0,30717,0,0,0,0,89891,0,0,0,0,108854,0,0,0,0,33517,0,0,0,0,39813,0,0,0,0,46108,0,0,0,0,61329,0,0,0,0,76549,0,0,0,0,106845
Albania,ALB,"International migrant stock, total",SM.POP.TOTL,48901,0,0,0,0,51409,0,0,0,0,54045,0,0,0,0,56816,0,0,0,0,59730,0,0,0,0,62793,0,0,0,0,66013,0,0,0,0,71354,0,0,0,0,76695,0,0,0,0,64739,0,0,0,0,52784,0,0,0,0,57616
Andorra,AND,"International migrant stock, total",SM.POP.TOTL,2497,0,0,0,0,6983,0,0,0,0,13446,0,0,0,0,18623,0,0,0,0,25792,0,0,0,0,32306,0,0,0,0,38904,0,0,0,0,40525,0,0,0,0,42146,0,0,0,0,50298,0,0,0,0,52053,0,0,0,0,42082
Arab World,ARB,"International migrant stock, total",SM.POP.TOTL,3324685,0,0,0,0,3349209,0,0,0,0,4012340,0,0,0,0,5495961,0,0,0,0,9834213,0,0,0,0,12733497,0,0,0,0,14168146,0,0,0,0,14871274,0,0,0,0,16216741,0,0,0,0,19323851,0,0,0,0,28555399,0,0,0,0,34764700
United Arab Emirates,ARE,"International migrant stock, total",SM.POP.TOTL,2194,0,0,0,0,25981,0,0,0,0,65827,0,0,0,0,312400,0,0,0,0,718479,0,0,0,0,1007837,0,0,0,0,1306574,0,0,0,0,1824118,0,0,0,0,2446675,0,0,0,0,3281036,0,0,0,0,7316611,0,0,0,0,8095126
Argentina,ARG,"International migrant stock, total",SM.POP.TOTL,2601188,0,0,0,0,2409183,0,0,0,0,2219411,0,0,0,0,2064199,0,0,0,0,1920798,0,0,0,0,1780443,0,0,0,0,1649919,0,0,0,0,1595069,0,0,0,0,1540219,0,0,0,0,1673088,0,0,0,0,1805957,0,0,0,0,2086302
Armenia,ARM,"International migrant stock, total",SM.POP.TOTL,0,0,0,0,0,0,0,0,0,0,0,0,0,0,0,0,0,0,0,0,0,0,0,0,0,0,0,0,0,0,658789,0,0,0,0,693999,0,0,0,0,657900,0,0,0,0,469119,0,0,0,0,221560,0,0,0,0,191199
American Samoa,ASM,"International migrant stock, total",SM.POP.TOTL,2384,0,0,0,0,4170,0,0,0,0,7248,0,0,0,0,10843,0,0,0,0,13594,0,0,0,0,17073,0,0,0,0,21283,0,0,0,0,23098,0,0,0,0,24912,0,0,0,0,24233,0,0,0,0,23555,0,0,0,0,23216
Antigua and Barbuda,ATG,"International migrant stock, total",SM.POP.TOTL,4868,0,0,0,0,5807,0,0,0,0,6914,0,0,0,0,7941,0,0,0,0,9120,0,0,0,0,10474,0,0,0,0,12029,0,0,0,0,17550,0,0,0,0,23071,0,0,0,0,24741,0,0,0,0,26412,0,0,0,0,28083
Australia,AUS,"International migrant stock, total",SM.POP.TOTL,1698085,0,0,0,0,2054727,0,0,0,0,2456522,0,0,0,0,2659453,0,0,0,0,2896444,0,0,0,0,3143480,0,0,0,0,3955213,0,0,0,0,4153330,0,0,0,0,4386250,0,0,0,0,4878030,0,0,0,0,5882980,0,0,0,0,6763663
Austria,AUT,"International migrant stock, total",SM.POP.TOTL,806643,0,0,0,0,744995,0,0,0,0,676679,0,0,0,0,721037,0,0,0,0,719958,0,0,0,0,728326,0,0,0,0,793239,0,0,0,0,894893,0,0,0,0,996547,0,0,0,0,1136270,0,0,0,0,1275992,0,0,0,0,1492374
Azerbaijan,AZE,"International migrant stock, total",SM.POP.TOTL,0,0,0,0,0,0,0,0,0,0,0,0,0,0,0,0,0,0,0,0,0,0,0,0,0,0,0,0,0,0,360600,0,0,0,0,344070,0,0,0,0,327540,0,0,0,0,302220,0,0,0,0,276901,0,0,0,0,264241
Burundi,BDI,"International migrant stock, total",SM.POP.TOTL,126323,0,0,0,0,184633,0,0,0,0,143820,0,0,0,0,139741,0,0,0,0,223791,0,0,0,0,343406,0,0,0,0,333110,0,0,0,0,254853,0,0,0,0,125628,0,0,0,0,172874,0,0,0,0,235259,0,0,0,0,286810
Belgium,BEL,"International migrant stock, total",SM.POP.TOTL,441555,0,0,0,0,606859,0,0,0,0,695361,0,0,0,0,820201,0,0,0,0,896823,0,0,0,0,871821,0,0,0,0,891537,0,0,0,0,885278,0,0,0,0,853369,0,0,0,0,870862,0,0,0,0,1052844,0,0,0,0,1387940
Benin,BEN,"International migrant stock, total",SM.POP.TOTL,34019,0,0,0,0,38777,0,0,0,0,44750,0,0,0,0,50383,0,0,0,0,57430,0,0,0,0,67713,0,0,0,0,76212,0,0,0,0,104971,0,0,0,0,133730,0,0,0,0,171499,0,0,0,0,209267,0,0,0,0,245399
Burkina Faso,BFA,"International migrant stock, total",SM.POP.TOTL,62943,0,0,0,0,74981,0,0,0,0,89322,0,0,0,0,106405,0,0,0,0,170487,0,0,0,0,273256,0,0,0,0,349657,0,0,0,0,434848,0,0,0,0,520039,0,0,0,0,596972,0,0,0,0,673904,0,0,0,0,704676
Bangladesh,BGD,"International migrant stock, total",SM.POP.TOTL,661411,0,0,0,0,685166,0,0,0,0,726989,0,0,0,0,768579,0,0,0,0,804526,0,0,0,0,842155,0,0,0,0,881617,0,0,0,0,934735,0,0,0,0,987853,0,0,0,0,1166700,0,0,0,0,1345546,0,0,0,0,1422805
Bulgaria,BGR,"International migrant stock, total",SM.POP.TOTL,20295,0,0,0,0,20783,0,0,0,0,21189,0,0,0,0,21513,0,0,0,0,21709,0,0,0,0,21846,0,0,0,0,21510,0,0,0,0,32435,0,0,0,0,43360,0,0,0,0,61074,0,0,0,0,76287,0,0,0,0,102113
Bahrain,BHR,"International migrant stock, total",SM.POP.TOTL,26733,0,0,0,0,38357,0,0,0,0,37946,0,0,0,0,60092,0,0,0,0,103466,0,0,0,0,137052,0,0,0,0,173212,0,0,0,0,205979,0,0,0,0,239361,0,0,0,0,404018,0,0,0,0,657856,0,0,0,0,704137
"Bahamas, The",BHS,"International migrant stock, total",SM.POP.TOTL,11331,0,0,0,0,18754,0,0,0,0,30916,0,0,0,0,27217,0,0,0,0,24078,0,0,0,0,25429,0,0,0,0,26855,0,0,0,0,31654,0,0,0,0,36454,0,0,0,0,45595,0,0,0,0,54736,0,0,0,0,59306
Bosnia and Herzegovina,BIH,"International migrant stock, total",SM.POP.TOTL,0,0,0,0,0,0,0,0,0,0,0,0,0,0,0,0,0,0,0,0,0,0,0,0,0,0,0,0,0,0,56000,0,0,0,0,69476,0,0,0,0,82952,0,0,0,0,47272,0,0,0,0,38792,0,0,0,0,34803
Belarus,BLR,"International migrant stock, total",SM.POP.TOTL,0,0,0,0,0,0,0,0,0,0,0,0,0,0,0,0,0,0,0,0,0,0,0,0,0,0,0,0,0,0,1248977,0,0,0,0,1186282,0,0,0,0,1123586,0,0,0,0,1106982,0,0,0,0,1090378,0,0,0,0,1082905
Belize,BLZ,"International migrant stock, total",SM.POP.TOTL,7621,0,0,0,0,8831,0,0,0,0,10197,0,0,0,0,10953,0,0,0,0,13859,0,0,0,0,25673,0,0,0,0,30404,0,0,0,0,33446,0,0,0,0,36488,0,0,0,0,41424,0,0,0,0,46360,0,0,0,0,53860
Bermuda,BMU,"International migrant stock, total",SM.POP.TOTL,8749,0,0,0,0,11083,0,0,0,0,14258,0,0,0,0,14335,0,0,0,0,14189,0,0,0,0,14917,0,0,0,0,15683,0,0,0,0,16676,0,0,0,0,17668,0,0,0,0,18276,0,0,0,0,18884,0,0,0,0,19126
Bolivia,BOL,"International migrant stock, total",SM.POP.TOTL,42709,0,0,0,0,46944,0,0,0,0,51599,0,0,0,0,56715,0,0,0,0,58481,0,0,0,0,59033,0,0,0,0,73758,0,0,0,0,83598,0,0,0,0,92658,0,0,0,0,107745,0,0,0,0,122846,0,0,0,0,142989
Brazil,BRA,"International migrant stock, total",SM.POP.TOTL,1397119,0,0,0,0,1314922,0,0,0,0,1231834,0,0,0,0,1170533,0,0,0,0,1112834,0,0,0,0,944562,0,0,0,0,798517,0,0,0,0,741557,0,0,0,0,684596,0,0,0,0,638582,0,0,0,0,592568,0,0,0,0,713568
Barbados,BRB,"International migrant stock, total",SM.POP.TOTL,9760,0,0,0,0,11443,0,0,0,0,13420,0,0,0,0,15850,0,0,0,0,18671,0,0,0,0,19985,0,0,0,0,24024,0,0,0,0,26224,0,0,0,0,28424,0,0,0,0,30624,0,0,0,0,32825,0,0,0,0,34475
Brunei Darussalam,BRN,"International migrant stock, total",SM.POP.TOTL,20562,0,0,0,0,26038,0,0,0,0,32903,0,0,0,0,41032,0,0,0,0,50977,0,0,0,0,61374,0,0,0,0,73200,0,0,0,0,84748,0,0,0,0,96296,0,0,0,0,98441,0,0,0,0,100587,0,0,0,0,102733
Bhutan,BTN,"International migrant stock, total",SM.POP.TOTL,9676,0,0,0,0,11243,0,0,0,0,13063,0,0,0,0,15178,0,0,0,0,17635,0,0,0,0,20490,0,0,0,0,23807,0,0,0,0,27972,0,0,0,0,32137,0,0,0,0,40279,0,0,0,0,48420,0,0,0,0,51106
Botswana,BWA,"International migrant stock, total",SM.POP.TOTL,7199,0,0,0,0,8655,0,0,0,0,10404,0,0,0,0,12507,0,0,0,0,15036,0,0,0,0,20034,0,0,0,0,27510,0,0,0,0,40168,0,0,0,0,57064,0,0,0,0,88829,0,0,0,0,120912,0,0,0,0,160644
Central African Republic,CAF,"International migrant stock, total",SM.POP.TOTL,43128,0,0,0,0,45905,0,0,0,0,48861,0,0,0,0,52007,0,0,0,0,55355,0,0,0,0,58919,0,0,0,0,67234,0,0,0,0,99712,0,0,0,0,123529,0,0,0,0,94449,0,0,0,0,93466,0,0,0,0,81598
Canada,CAN,"International migrant stock, total",SM.POP.TOTL,2766304,0,0,0,0,3020552,0,0,0,0,3251353,0,0,0,0,3517845,0,0,0,0,3810578,0,0,0,0,3900558,0,0,0,0,4333318,0,0,0,0,4864778,0,0,0,0,5511914,0,0,0,0,6078985,0,0,0,0,7011226,0,0,0,0,7835502
Central Europe and the Baltics,CEB,"International migrant stock, total",SM.POP.TOTL,3294191,0,0,0,0,3075673,0,0,0,0,2830332,0,0,0,0,2470240,0,0,0,0,2136842,0,0,0,0,1850311,0,0,0,0,3815082,0,0,0,0,3665285,0,0,0,0,3279999,0,0,0,0,3336747,0,0,0,0,3374888,0,0,0,0,3394733
Switzerland,CHE,"International migrant stock, total",SM.POP.TOTL,714235,0,0,0,0,887150,0,0,0,0,1091990,0,0,0,0,1089203,0,0,0,0,1065788,0,0,0,0,1203202,0,0,0,0,1392282,0,0,0,0,1478829,0,0,0,0,1570756,0,0,0,0,1805437,0,0,0,0,2075182,0,0,0,0,2438702
Channel Islands,CHI,"International migrant stock, total",SM.POP.TOTL,33482,0,0,0,0,39739,0,0,0,0,47165,0,0,0,0,50280,0,0,0,0,52493,0,0,0,0,38770,0,0,0,0,61660,0,0,0,0,60519,0,0,0,0,64301,0,0,0,0,70941,0,0,0,0,77581,0,0,0,0,82307
Chile,CHL,"International migrant stock, total",SM.POP.TOTL,104805,0,0,0,0,97551,0,0,0,0,90271,0,0,0,0,85985,0,0,0,0,81903,0,0,0,0,90096,0,0,0,0,107501,0,0,0,0,142417,0,0,0,0,177332,0,0,0,0,273384,0,0,0,0,369436,0,0,0,0,469436
China,CHN,"International migrant stock, total",SM.POP.TOTL,245684,0,0,0,0,260479,0,0,0,0,280404,0,0,0,0,298474,0,0,0,0,311194,0,0,0,0,323937,0,0,0,0,376361,0,0,0,0,442198,0,0,0,0,508034,0,0,0,0,678947,0,0,0,0,849861,0,0,0,0,978046
Cote d'Ivoire,CIV,"International migrant stock, total",SM.POP.TOTL,767019,0,0,0,0,956111,0,0,0,0,1191820,0,0,0,0,1391404,0,0,0,0,1520693,0,0,0,0,1661995,0,0,0,0,1816426,0,0,0,0,2076394,0,0,0,0,1994135,0,0,0,0,2010824,0,0,0,0,2095185,0,0,0,0,2175399
Cameroon,CMR,"International migrant stock, total",SM.POP.TOTL,175430,0,0,0,0,187956,0,0,0,0,201375,0,0,0,0,215753,0,0,0,0,231157,0,0,0,0,247661,0,0,0,0,265344,0,0,0,0,246864,0,0,0,0,228383,0,0,0,0,258737,0,0,0,0,289091,0,0,0,0,381984
"Congo, Dem. Rep.",COD,"International migrant stock, total",SM.POP.TOTL,1006930,0,0,0,0,1322475,0,0,0,0,1424581,0,0,0,0,1218362,0,0,0,0,1204366,0,0,0,0,725303,0,0,0,0,754194,0,0,0,0,1816963,0,0,0,0,744387,0,0,0,0,622869,0,0,0,0,588950,0,0,0,0,545694
"Congo, Rep.",COG,"International migrant stock, total",SM.POP.TOTL,26315,0,0,0,0,34324,0,0,0,0,44771,0,0,0,0,58398,0,0,0,0,76172,0,0,0,0,99356,0,0,0,0,129597,0,0,0,0,191635,0,0,0,0,305002,0,0,0,0,315238,0,0,0,0,419649,0,0,0,0,392996
Colombia,COL,"International migrant stock, total",SM.POP.TOTL,58675,0,0,0,0,74918,0,0,0,0,79591,0,0,0,0,84796,0,0,0,0,90848,0,0,0,0,97331,0,0,0,0,104277,0,0,0,0,106943,0,0,0,0,109609,0,0,0,0,107612,0,0,0,0,124271,0,0,0,0,133134
Comoros,COM,"International migrant stock, total",SM.POP.TOTL,1507,0,0,0,0,2138,0,0,0,0,3614,0,0,0,0,7098,0,0,0,0,14655,0,0,0,0,14364,0,0,0,0,14079,0,0,0,0,13939,0,0,0,0,13799,0,0,0,0,13209,0,0,0,0,12618,0,0,0,0,12555
Cabo Verde,CPV,"International migrant stock, total",SM.POP.TOTL,6613,0,0,0,0,6953,0,0,0,0,7310,0,0,0,0,7685,0,0,0,0,8080,0,0,0,0,8495,0,0,0,0,8931,0,0,0,0,9979,0,0,0,0,11027,0,0,0,0,12700,0,0,0,0,14373,0,0,0,0,14924
Costa Rica,CRI,"International migrant stock, total",SM.POP.TOTL,32693,0,0,0,0,32073,0,0,0,0,25432,0,0,0,0,29169,0,0,0,0,68657,0,0,0,0,116745,0,0,0,0,417628,0,0,0,0,364287,0,0,0,0,310946,0,0,0,0,358175,0,0,0,0,405404,0,0,0,0,421697
Caribbean small states,CSS,"International migrant stock, total",SM.POP.TOTL,187880,0,0,0,0,185362,0,0,0,0,190217,0,0,0,0,183279,0,0,0,0,181109,0,0,0,0,194282,0,0,0,0,205846,0,0,0,0,230403,0,0,0,0,257852,0,0,0,0,290233,0,0,0,0,321650,0,0,0,0,349562
Cuba,CUB,"International migrant stock, total",SM.POP.TOTL,143616,0,0,0,0,136612,0,0,0,0,129950,0,0,0,0,93317,0,0,0,0,67010,0,0,0,0,48120,0,0,0,0,34555,0,0,0,0,26187,0,0,0,0,17818,0,0,0,0,17023,0,0,0,0,14818,0,0,0,0,13336
Curacao,CUW,"International migrant stock, total",SM.POP.TOTL,0,0,0,0,0,0,0,0,0,0,0,0,0,0,0,0,0,0,0,0,0,0,0,0,0,0,0,0,0,0,0,0,0,0,0,0,0,0,0,0,0,0,0,0,0,0,0,0,0,0,34627,0,0,0,0,37611
Cayman Islands,CYM,"International migrant stock, total",SM.POP.TOTL,957,0,0,0,0,1220,0,0,0,0,1586,0,0,0,0,3069,0,0,0,0,5722,0,0,0,0,8583,0,0,0,0,9387,0,0,0,0,14320,0,0,0,0,19253,0,0,0,0,21655,0,0,0,0,24057,0,0,0,0,23726
Cyprus,CYP,"International migrant stock, total",SM.POP.TOTL,29589,0,0,0,0,32483,0,0,0,0,34485,0,0,0,0,36610,0,0,0,0,38866,0,0,0,0,41262,0,0,0,0,43805,0,0,0,0,61941,0,0,0,0,80076,0,0,0,0,117165,0,0,0,0,187923,0,0,0,0,196167
Czech Republic,CZE,"International migrant stock, total",SM.POP.TOTL,0,0,0,0,0,0,0,0,0,0,0,0,0,0,0,0,0,0,0,0,0,0,0,0,0,0,0,0,0,0,110394,0,0,0,0,165592,0,0,0,0,220789,0,0,0,0,322540,0,0,0,0,397785,0,0,0,0,405093
Germany,DEU,"International migrant stock, total",SM.POP.TOTL,0,0,0,0,0,0,0,0,0,0,0,0,0,0,0,0,0,0,0,0,0,0,0,0,0,0,0,0,0,0,5936181,0,0,0,0,7464406,0,0,0,0,8992631,0,0,0,0,10299160,0,0,0,0,11605690,0,0,0,0,12005690
Djibouti,DJI,"International migrant stock, total",SM.POP.TOTL,11766,0,0,0,0,15883,0,0,0,0,21440,0,0,0,0,28941,0,0,0,0,80230,0,0,0,0,67188,0,0,0,0,122221,0,0,0,0,99774,0,0,0,0,100507,0,0,0,0,92091,0,0,0,0,101575,0,0,0,0,112351
Dominica,DMA,"International migrant stock, total",SM.POP.TOTL,2390,0,0,0,0,2219,0,0,0,0,2061,0,0,0,0,1913,0,0,0,0,1777,0,0,0,0,2072,0,0,0,0,2519,0,0,0,0,3121,0,0,0,0,3723,0,0,0,0,4744,0,0,0,0,5765,0,0,0,0,6720
Denmark,DNK,"International migrant stock, total",SM.POP.TOTL,93989,0,0,0,0,99954,0,0,0,0,117442,0,0,0,0,138684,0,0,0,0,163769,0,0,0,0,195793,0,0,0,0,235189,0,0,0,0,303108,0,0,0,0,371026,0,0,0,0,440383,0,0,0,0,509740,0,0,0,0,572520
Dominican Republic,DOM,"International migrant stock, total",SM.POP.TOTL,144583,0,0,0,0,167981,0,0,0,0,195166,0,0,0,0,215691,0,0,0,0,238375,0,0,0,0,263445,0,0,0,0,291151,0,0,0,0,323381,0,0,0,0,355611,0,0,0,0,376001,0,0,0,0,393720,0,0,0,0,415564
Algeria,DZA,"International migrant stock, total",SM.POP.TOTL,430447,0,0,0,0,208299,0,0,0,0,168949,0,0,0,0,160287,0,0,0,0,184995,0,0,0,0,288665,0,0,0,0,273954,0,0,0,0,262032,0,0,0,0,250110,0,0,0,0,247537,0,0,0,0,244964,0,0,0,0,242391
East Asia & Pacific (excluding high income),EAP,"International migrant stock, total",SM.POP.TOTL,3654785,0,0,0,0,3358527,0,0,0,0,3526661,0,0,0,0,2894083,0,0,0,0,2860501,0,0,0,0,2716501,0,0,0,0,2583562,0,0,0,0,3202727,0,0,0,0,4120191,0,0,0,0,5536825,0,0,0,0,7395657,0,0,0,0,8357168
Early-demographic dividend,EAR,"International migrant stock, total",SM.POP.TOTL,30137637,0,0,0,0,29105070,0,0,0,0,27960372,0,0,0,0,27585627,0,0,0,0,30462688,0,0,0,0,37042383,0,0,0,0,42323294,0,0,0,0,37838479,0,0,0,0,38155943,0,0,0,0,39296469,0,0,0,0,45133896,0,0,0,0,50581758
East Asia & Pacific,EAS,"International migrant stock, total",SM.POP.TOTL,8810669,0,0,0,0,9065287,0,0,0,0,9747795,0,0,0,0,9777213,0,0,0,0,10464877,0,0,0,0,10905673,0,0,0,0,11562099,0,0,0,0,13375683,0,0,0,0,15674381,0,0,0,0,18768866,0,0,0,0,22841512,0,0,0,0,25557256
Europe & Central Asia (excluding high income),ECA,"International migrant stock, total",SM.POP.TOTL,1347709,0,0,0,0,1328285,0,0,0,0,735465,0,0,0,0,461893,0,0,0,0,1066937,0,0,0,0,1187183,0,0,0,0,29836824,0,0,0,0,29125371,0,0,0,0,27780057,0,0,0,0,26818942,0,0,0,0,25929753,0,0,0,0,28128832
Europe & Central Asia,ECS,"International migrant stock, total",SM.POP.TOTL,13362297,0,0,0,0,15548394,0,0,0,0,16671090,0,0,0,0,17408604,0,0,0,0,19024605,0,0,0,0,20105272,0,0,0,0,58408632,0,0,0,0,61316132,0,0,0,0,64005283,0,0,0,0,71714401,0,0,0,0,79845132,0,0,0,0,85288550
Ecuador,ECU,"International migrant stock, total",SM.POP.TOTL,24061,0,0,0,0,32827,0,0,0,0,44787,0,0,0,0,59315,0,0,0,0,70354,0,0,0,0,77169,0,0,0,0,78663,0,0,0,0,115093,0,0,0,0,151523,0,0,0,0,187404,0,0,0,0,325366,0,0,0,0,387513
"Egypt, Arab Rep.",EGY,"International migrant stock, total",SM.POP.TOTL,212376,0,0,0,0,208115,0,0,0,0,203514,0,0,0,0,196071,0,0,0,0,188889,0,0,0,0,182920,0,0,0,0,173708,0,0,0,0,166955,0,0,0,0,173452,0,0,0,0,274001,0,0,0,0,295714,0,0,0,0,491643
Euro area,EMU,"International migrant stock, total",SM.POP.TOTL,6146651,0,0,0,0,7391692,0,0,0,0,8519702,0,0,0,0,9537875,0,0,0,0,10545351,0,0,0,0,11358050,0,0,0,0,20064759,0,0,0,0,22768012,0,0,0,0,26129209,0,0,0,0,33016886,0,0,0,0,39519428,0,0,0,0,40935248
Eritrea,ERI,"International migrant stock, total",SM.POP.TOTL,7703,0,0,0,0,8266,0,0,0,0,8896,0,0,0,0,9585,0,0,0,0,10323,0,0,0,0,11040,0,0,0,0,11848,0,0,0,0,12400,0,0,0,0,12952,0,0,0,0,14314,0,0,0,0,15676,0,0,0,0,15941
Spain,ESP,"International migrant stock, total",SM.POP.TOTL,210897,0,0,0,0,272201,0,0,0,0,355727,0,0,0,0,465542,0,0,0,0,609354,0,0,0,0,716881,0,0,0,0,821605,0,0,0,0,1020067,0,0,0,0,1657285,0,0,0,0,4107226,0,0,0,0,6280065,0,0,0,0,5852953
Estonia,EST,"International migrant stock, total",SM.POP.TOTL,0,0,0,0,0,0,0,0,0,0,0,0,0,0,0,0,0,0,0,0,0,0,0,0,0,0,0,0,0,0,381997,0,0,0,0,315755,0,0,0,0,249512,0,0,0,0,233701,0,0,0,0,217890,0,0,0,0,202348
Ethiopia,ETH,"International migrant stock, total",SM.POP.TOTL,393260,0,0,0,0,383551,0,0,0,0,394582,0,0,0,0,392082,0,0,0,0,404192,0,0,0,0,583658,0,0,0,0,1155390,0,0,0,0,806904,0,0,0,0,611384,0,0,0,0,514242,0,0,0,0,567720,0,0,0,0,1072949
European Union,EUU,"International migrant stock, total",SM.POP.TOTL,11492337,0,0,0,0,13502949,0,0,0,0,14940525,0,0,0,0,15872830,0,0,0,0,16827690,0,0,0,0,17594239,0,0,0,0,26957449,0,0,0,0,30456543,0,0,0,0,34332802,0,0,0,0,42706560,0,0,0,0,51301015,0,0,0,0,54070726
Fragile and conflict affected situations,FCS,"International migrant stock, total",SM.POP.TOTL,4635265,0,0,0,0,5451809,0,0,0,0,6111563,0,0,0,0,6451874,0,0,0,0,9020279,0,0,0,0,9144619,0,0,0,0,8876708,0,0,0,0,9819937,0,0,0,0,8603470,0,0,0,0,8680442,0,0,0,0,10439570,0,0,0,0,12225004
Finland,FIN,"International migrant stock, total",SM.POP.TOTL,32084,0,0,0,0,32196,0,0,0,0,32491,0,0,0,0,35352,0,0,0,0,38789,0,0,0,0,48822,0,0,0,0,63255,0,0,0,0,99729,0,0,0,0,136203,0,0,0,0,192169,0,0,0,0,248135,0,0,0,0,315881
Fiji,FJI,"International migrant stock, total",SM.POP.TOTL,20078,0,0,0,0,17953,0,0,0,0,16394,0,0,0,0,15071,0,0,0,0,14025,0,0,0,0,13103,0,0,0,0,13283,0,0,0,0,13001,0,0,0,0,12719,0,0,0,0,12435,0,0,0,0,13351,0,0,0,0,13751
France,FRA,"International migrant stock, total",SM.POP.TOTL,3507213,0,0,0,0,4447230,0,0,0,0,5210336,0,0,0,0,5571664,0,0,0,0,5890633,0,0,0,0,5952820,0,0,0,0,5897267,0,0,0,0,6087993,0,0,0,0,6278718,0,0,0,0,6737600,0,0,0,0,7196481,0,0,0,0,7784418
Faroe Islands,FRO,"International migrant stock, total",SM.POP.TOTL,1489,0,0,0,0,1716,0,0,0,0,1978,0,0,0,0,2280,0,0,0,0,2628,0,0,0,0,3029,0,0,0,0,4285,0,0,0,0,2900,0,0,0,0,3593,0,0,0,0,4583,0,0,0,0,5096,0,0,0,0,5517
"Micronesia, Fed. Sts.",FSM,"International migrant stock, total",SM.POP.TOTL,5848,0,0,0,0,5563,0,0,0,0,5292,0,0,0,0,5034,0,0,0,0,4542,0,0,0,0,4098,0,0,0,0,3685,0,0,0,0,3342,0,0,0,0,3116,0,0,0,0,2905,0,0,0,0,2805,0,0,0,0,2756
Gabon,GAB,"International migrant stock, total",SM.POP.TOTL,20865,0,0,0,0,29030,0,0,0,0,40391,0,0,0,0,61887,0,0,0,0,94824,0,0,0,0,110027,0,0,0,0,127980,0,0,0,0,152972,0,0,0,0,195571,0,0,0,0,214123,0,0,0,0,243992,0,0,0,0,268384
United Kingdom,GBR,"International migrant stock, total",SM.POP.TOTL,1661888,0,0,0,0,2541943,0,0,0,0,2945896,0,0,0,0,3147977,0,0,0,0,3356904,0,0,0,0,3535927,0,0,0,0,3650286,0,0,0,0,4155293,0,0,0,0,4730165,0,0,0,0,5926156,0,0,0,0,7604583,0,0,0,0,8543120
Georgia,GEO,"International migrant stock, total",SM.POP.TOTL,0,0,0,0,0,0,0,0,0,0,0,0,0,0,0,0,0,0,0,0,0,0,0,0,0,0,0,0,0,0,338300,0,0,0,0,278450,0,0,0,0,218600,0,0,0,0,199805,0,0,0,0,182202,0,0,0,0,168802
Ghana,GHA,"International migrant stock, total",SM.POP.TOTL,529720,0,0,0,0,427416,0,0,0,0,351973,0,0,0,0,384784,0,0,0,0,420653,0,0,0,0,494449,0,0,0,0,164851,0,0,0,0,252879,0,0,0,0,191601,0,0,0,0,304436,0,0,0,0,337017,0,0,0,0,399471
Gibraltar,GIB,"International migrant stock, total",SM.POP.TOTL,6765,0,0,0,0,7681,0,0,0,0,9071,0,0,0,0,9436,0,0,0,0,9747,0,0,0,0,9404,0,0,0,0,8709,0,0,0,0,8381,0,0,0,0,8054,0,0,0,0,9211,0,0,0,0,10369,0,0,0,0,11065
Guinea,GIN,"International migrant stock, total",SM.POP.TOTL,11313,0,0,0,0,13818,0,0,0,0,16878,0,0,0,0,20615,0,0,0,0,25180,0,0,0,0,30755,0,0,0,0,403621,0,0,0,0,774505,0,0,0,0,560075,0,0,0,0,229611,0,0,0,0,205111,0,0,0,0,228413
"Gambia, The",GMB,"International migrant stock, total",SM.POP.TOTL,31551,0,0,0,0,39073,0,0,0,0,48389,0,0,0,0,60210,0,0,0,0,75374,0,0,0,0,94358,0,0,0,0,118123,0,0,0,0,150890,0,0,0,0,182514,0,0,0,0,181905,0,0,0,0,185763,0,0,0,0,192540
Guinea-Bissau,GNB,"International migrant stock, total",SM.POP.TOTL,11643,0,0,0,0,11938,0,0,0,0,12241,0,0,0,0,12551,0,0,0,0,12869,0,0,0,0,12614,0,0,0,0,15368,0,0,0,0,27961,0,0,0,0,20450,0,0,0,0,20736,0,0,0,0,21061,0,0,0,0,22333
Equatorial Guinea,GNQ,"International migrant stock, total",SM.POP.TOTL,19351,0,0,0,0,13970,0,0,0,0,10086,0,0,0,0,7282,0,0,0,0,5257,0,0,0,0,3795,0,0,0,0,2740,0,0,0,0,3629,0,0,0,0,4517,0,0,0,0,6588,0,0,0,0,8658,0,0,0,0,10825
Greece,GRC,"International migrant stock, total",SM.POP.TOTL,52495,0,0,0,0,68707,0,0,0,0,89572,0,0,0,0,123472,0,0,0,0,171755,0,0,0,0,309261,0,0,0,0,618139,0,0,0,0,857850,0,0,0,0,1111665,0,0,0,0,1190707,0,0,0,0,1269749,0,0,0,0,1242514
Grenada,GRD,"International migrant stock, total",SM.POP.TOTL,4011,0,0,0,0,3549,0,0,0,0,3140,0,0,0,0,2778,0,0,0,0,2458,0,0,0,0,3123,0,0,0,0,4263,0,0,0,0,5544,0,0,0,0,6825,0,0,0,0,6902,0,0,0,0,6980,0,0,0,0,7057
Greenland,GRL,"International migrant stock, total",SM.POP.TOTL,2591,0,0,0,0,4269,0,0,0,0,7225,0,0,0,0,8571,0,0,0,0,8820,0,0,0,0,9277,0,0,0,0,9416,0,0,0,0,7320,0,0,0,0,6755,0,0,0,0,6686,0,0,0,0,6226,0,0,0,0,6009
Guatemala,GTM,"International migrant stock, total",SM.POP.TOTL,43309,0,0,0,0,47677,0,0,0,0,40772,0,0,0,0,38201,0,0,0,0,42021,0,0,0,0,81584,0,0,0,0,264257,0,0,0,0,156188,0,0,0,0,48119,0,0,0,0,57252,0,0,0,0,66384,0,0,0,0,76352
Guam,GUM,"International migrant stock, total",SM.POP.TOTL,31001,0,0,0,0,34190,0,0,0,0,37806,0,0,0,0,43897,0,0,0,0,50997,0,0,0,0,59836,0,0,0,0,69755,0,0,0,0,71912,0,0,0,0,74070,0,0,0,0,74743,0,0,0,0,75416,0,0,0,0,76089
Guyana,GUY,"International migrant stock, total",SM.POP.TOTL,14035,0,0,0,0,13454,0,0,0,0,12715,0,0,0,0,8979,0,0,0,0,6363,0,0,0,0,5105,0,0,0,0,4095,0,0,0,0,6352,0,0,0,0,8610,0,0,0,0,10868,0,0,0,0,13126,0,0,0,0,15384
High income,HIC,"International migrant stock, total",SM.POP.TOTL,35363050,0,0,0,0,39175021,0,0,0,0,42751135,0,0,0,0,47701837,0,0,0,0,53832726,0,0,0,0,60911833,0,0,0,0,77414120,0,0,0,0,88960785,0,0,0,0,102570307,0,0,0,0,121037146,0,0,0,0,146204406,0,0,0,0,159768330
"Hong Kong SAR, China",HKG,"International migrant stock, total",SM.POP.TOTL,1627488,0,0,0,0,1696828,0,0,0,0,1715474,0,0,0,0,1884492,0,0,0,0,2100549,0,0,0,0,2184333,0,0,0,0,2218473,0,0,0,0,2443798,0,0,0,0,2669122,0,0,0,0,2721235,0,0,0,0,2779950,0,0,0,0,2838665
Honduras,HND,"International migrant stock, total",SM.POP.TOTL,60024,0,0,0,0,37807,0,0,0,0,20625,0,0,0,0,14434,0,0,0,0,32767,0,0,0,0,82874,0,0,0,0,270423,0,0,0,0,149442,0,0,0,0,28461,0,0,0,0,27875,0,0,0,0,27288,0,0,0,0,28070
Heavily indebted poor countries (HIPC),HPC,"International migrant stock, total",SM.POP.TOTL,6384593,0,0,0,0,7012884,0,0,0,0,7427899,0,0,0,0,7540901,0,0,0,0,9846539,0,0,0,0,9999691,0,0,0,0,12008148,0,0,0,0,12557332,0,0,0,0,10632626,0,0,0,0,10419014,0,0,0,0,10450770,0,0,0,0,11941421
Croatia,HRV,"International migrant stock, total",SM.POP.TOTL,0,0,0,0,0,0,0,0,0,0,0,0,0,0,0,0,0,0,0,0,0,0,0,0,0,0,0,0,0,0,475438,0,0,0,0,674085,0,0,0,0,585298,0,0,0,0,579273,0,0,0,0,573248,0,0,0,0,576883
Haiti,HTI,"International migrant stock, total",SM.POP.TOTL,14533,0,0,0,0,12718,0,0,0,0,11130,0,0,0,0,12118,0,0,0,0,14098,0,0,0,0,16403,0,0,0,0,19084,0,0,0,0,22458,0,0,0,0,25832,0,0,0,0,30468,0,0,0,0,35104,0,0,0,0,39529
Hungary,HUN,"International migrant stock, total",SM.POP.TOTL,518137,0,0,0,0,475994,0,0,0,0,437279,0,0,0,0,401713,0,0,0,0,369039,0,0,0,0,339023,0,0,0,0,347510,0,0,0,0,322234,0,0,0,0,296957,0,0,0,0,366787,0,0,0,0,436616,0,0,0,0,449632
IBRD only,IBD,"International migrant stock, total",SM.POP.TOTL,25894913,0,0,0,0,24776208,0,0,0,0,23859693,0,0,0,0,22903656,0,0,0,0,23893298,0,0,0,0,26566405,0,0,0,0,52702212,0,0,0,0,51267647,0,0,0,0,50860654,0,0,0,0,52155167,0,0,0,0,55350497,0,0,0,0,62749055
IDA & IBRD total,IBT,"International migrant stock, total",SM.POP.TOTL,41342509,0,0,0,0,40424256,0,0,0,0,39569771,0,0,0,0,38476218,0,0,0,0,42869087,0,0,0,0,46241124,0,0,0,0,78070527,0,0,0,0,74739613,0,0,0,0,72738421,0,0,0,0,72943636,0,0,0,0,78412893,0,0,0,0,87196231
IDA total,IDA,"International migrant stock, total",SM.POP.TOTL,15447596,0,0,0,0,15648048,0,0,0,0,15710078,0,0,0,0,15572562,0,0,0,0,18975789,0,0,0,0,19674719,0,0,0,0,25368315,0,0,0,0,23471966,0,0,0,0,21877767,0,0,0,0,20788469,0,0,0,0,23062396,0,0,0,0,24447176
IDA blend,IDB,"International migrant stock, total",SM.POP.TOTL,7141654,0,0,0,0,6654222,0,0,0,0,6247953,0,0,0,0,6273476,0,0,0,0,7330589,0,0,0,0,7724291,0,0,0,0,10254421,0,0,0,0,7581209,0,0,0,0,8045096,0,0,0,0,7138952,0,0,0,0,8369282,0,0,0,0,8500362
Indonesia,IDN,"International migrant stock, total",SM.POP.TOTL,1859466,0,0,0,0,1475121,0,0,0,0,1170220,0,0,0,0,928340,0,0,0,0,756851,0,0,0,0,593098,0,0,0,0,465612,0,0,0,0,378960,0,0,0,0,292307,0,0,0,0,289568,0,0,0,0,305416,0,0,0,0,328846
IDA only,IDX,"International migrant stock, total",SM.POP.TOTL,8305942,0,0,0,0,8993826,0,0,0,0,9462125,0,0,0,0,9299086,0,0,0,0,11645200,0,0,0,0,11950428,0,0,0,0,15113894,0,0,0,0,15890757,0,0,0,0,13832671,0,0,0,0,13649517,0,0,0,0,14693114,0,0,0,0,15946814
Isle of Man,IMN,"International migrant stock, total",SM.POP.TOTL,22192,0,0,0,0,23916,0,0,0,0,25775,0,0,0,0,27777,0,0,0,0,29936,0,0,0,0,32262,0,0,0,0,34769,0,0,0,0,36886,0,0,0,0,39002,0,0,0,0,41475,0,0,0,0,43447,0,0,0,0,45221
India,IND,"International migrant stock, total",SM.POP.TOTL,9410535,0,0,0,0,9350557,0,0,0,0,9181520,0,0,0,0,9011238,0,0,0,0,8845466,0,0,0,0,8131017,0,0,0,0,7493204,0,0,0,0,6952238,0,0,0,0,6411272,0,0,0,0,5923642,0,0,0,0,5436012,0,0,0,0,5240960
Not classified,INX,"International migrant stock, total",SM.POP.TOTL,0,0,0,0,0,0,0,0,0,0,0,0,0,0,0,0,0,0,0,0,0,0,0,0,0,0,0,0,0,0,0,0,0,0,0,0,0,0,0,0,0,0,0,0,0,0,0,0,0,0,0,0,0,0,0,0
Ireland,IRL,"International migrant stock, total",SM.POP.TOTL,73019,0,0,0,0,94397,0,0,0,0,130411,0,0,0,0,171429,0,0,0,0,223238,0,0,0,0,225285,0,0,0,0,227961,0,0,0,0,226892,0,0,0,0,350552,0,0,0,0,589046,0,0,0,0,730542,0,0,0,0,746260
"Iran, Islamic Rep.",IRN,"International migrant stock, total",SM.POP.TOTL,48374,0,0,0,0,53761,0,0,0,0,86165,0,0,0,0,157166,0,0,0,0,555455,0,0,0,0,2855231,0,0,0,0,4291601,0,0,0,0,2937668,0,0,0,0,2803805,0,0,0,0,2568930,0,0,0,0,2761561,0,0,0,0,2726420
Iraq,IRQ,"International migrant stock, total",SM.POP.TOTL,87752,0,0,0,0,78709,0,0,0,0,74870,0,0,0,0,71219,0,0,0,0,68826,0,0,0,0,111660,0,0,0,0,83638,0,0,0,0,199460,0,0,0,0,210525,0,0,0,0,132915,0,0,0,0,117389,0,0,0,0,353881
Iceland,ISL,"International migrant stock, total",SM.POP.TOTL,3317,0,0,0,0,4515,0,0,0,0,4914,0,0,0,0,5279,0,0,0,0,5765,0,0,0,0,7098,0,0,0,0,9584,0,0,0,0,12738,0,0,0,0,15892,0,0,0,0,25492,0,0,0,0,35091,0,0,0,0,37522
Israel,ISR,"International migrant stock, total",SM.POP.TOTL,1185573,0,0,0,0,1291182,0,0,0,0,1408744,0,0,0,0,1446242,0,0,0,0,1430985,0,0,0,0,1522681,0,0,0,0,1632704,0,0,0,0,1792185,0,0,0,0,1851309,0,0,0,0,1889503,0,0,0,0,1950615,0,0,0,0,2011727
Italy,ITA,"International migrant stock, total",SM.POP.TOTL,459553,0,0,0,0,629595,0,0,0,0,862556,0,0,0,0,1006374,0,0,0,0,1108852,0,0,0,0,1252814,0,0,0,0,1428219,0,0,0,0,1774954,0,0,0,0,2121688,0,0,0,0,3954790,0,0,0,0,5787893,0,0,0,0,5788875
Jamaica,JAM,"International migrant stock, total",SM.POP.TOTL,21904,0,0,0,0,23994,0,0,0,0,26100,0,0,0,0,24598,0,0,0,0,23182,0,0,0,0,21916,0,0,0,0,20475,0,0,0,0,22713,0,0,0,0,24952,0,0,0,0,24314,0,0,0,0,23677,0,0,0,0,23167
Jordan,JOR,"International migrant stock, total",SM.POP.TOTL,385789,0,0,0,0,453521,0,0,0,0,531617,0,0,0,0,675638,0,0,0,0,810326,0,0,0,0,942798,0,0,0,0,1146349,0,0,0,0,1537097,0,0,0,0,1927845,0,0,0,0,2325414,0,0,0,0,2722983,0,0,0,0,3112026
Japan,JPN,"International migrant stock, total",SM.POP.TOTL,692651,0,0,0,0,712854,0,0,0,0,725139,0,0,0,0,770342,0,0,0,0,802422,0,0,0,0,850775,0,0,0,0,1075626,0,0,0,0,1381097,0,0,0,0,1686567,0,0,0,0,2012916,0,0,0,0,2134151,0,0,0,0,2043877
Kazakhstan,KAZ,"International migrant stock, total",SM.POP.TOTL,0,0,0,0,0,0,0,0,0,0,0,0,0,0,0,0,0,0,0,0,0,0,0,0,0,0,0,0,0,0,3619200,0,0,0,0,3245250,0,0,0,0,2871300,0,0,0,0,3102962,0,0,0,0,3334623,0,0,0,0,3546778
Kenya,KEN,"International migrant stock, total",SM.POP.TOTL,59330,0,0,0,0,101581,0,0,0,0,159044,0,0,0,0,160512,0,0,0,0,159892,0,0,0,0,151664,0,0,0,0,297292,0,0,0,0,618745,0,0,0,0,699139,0,0,0,0,756894,0,0,0,0,926959,0,0,0,0,1084357
Kyrgyz Republic,KGZ,"International migrant stock, total",SM.POP.TOTL,0,0,0,0,0,0,0,0,0,0,0,0,0,0,0,0,0,0,0,0,0,0,0,0,0,0,0,0,0,0,623083,0,0,0,0,510296,0,0,0,0,389558,0,0,0,0,312897,0,0,0,0,231511,0,0,0,0,204382
Cambodia,KHM,"International migrant stock, total",SM.POP.TOTL,381271,0,0,0,0,373625,0,0,0,0,342322,0,0,0,0,14551,0,0,0,0,4168,0,0,0,0,12647,0,0,0,0,38375,0,0,0,0,92230,0,0,0,0,146085,0,0,0,0,114031,0,0,0,0,81977,0,0,0,0,73963
Kiribati,KIR,"International migrant stock, total",SM.POP.TOTL,610,0,0,0,0,602,0,0,0,0,587,0,0,0,0,771,0,0,0,0,1639,0,0,0,0,2055,0,0,0,0,2162,0,0,0,0,2223,0,0,0,0,2283,0,0,0,0,2487,0,0,0,0,2868,0,0,0,0,3153
St. Kitts and Nevis,KNA,"International migrant stock, total",SM.POP.TOTL,3537,0,0,0,0,3103,0,0,0,0,2735,0,0,0,0,2664,0,0,0,0,2604,0,0,0,0,2908,0,0,0,0,3210,0,0,0,0,4248,0,0,0,0,5871,0,0,0,0,6682,0,0,0,0,7245,0,0,0,0,7443
"Korea, Rep.",KOR,"International migrant stock, total",SM.POP.TOTL,135551,0,0,0,0,156147,0,0,0,0,179873,0,0,0,0,305275,0,0,0,0,528810,0,0,0,0,559921,0,0,0,0,43017,0,0,0,0,123886,0,0,0,0,244178,0,0,0,0,485546,0,0,0,0,919275,0,0,0,0,1327324
Kuwait,KWT,"International migrant stock, total",SM.POP.TOTL,90629,0,0,0,0,240583,0,0,0,0,463366,0,0,0,0,664156,0,0,0,0,966341,0,0,0,0,1240806,0,0,0,0,1074391,0,0,0,0,921954,0,0,0,0,1127640,0,0,0,0,1333327,0,0,0,0,1871537,0,0,0,0,2866136
Latin America & Caribbean (excluding high income),LAC,"International migrant stock, total",SM.POP.TOTL,2934801,0,0,0,0,2922736,0,0,0,0,2884870,0,0,0,0,3026237,0,0,0,0,3389138,0,0,0,0,3685295,0,0,0,0,4511748,0,0,0,0,3981870,0,0,0,0,3804169,0,0,0,0,4145686,0,0,0,0,4883023,0,0,0,0,5469377
Lao PDR,LAO,"International migrant stock, total",SM.POP.TOTL,19646,0,0,0,0,20177,0,0,0,0,20688,0,0,0,0,21247,0,0,0,0,26990,0,0,0,0,22901,0,0,0,0,22866,0,0,0,0,23526,0,0,0,0,21948,0,0,0,0,20371,0,0,0,0,21185,0,0,0,0,22244
Lebanon,LBN,"International migrant stock, total",SM.POP.TOTL,151443,0,0,0,0,174368,0,0,0,0,190842,0,0,0,0,208567,0,0,0,0,241367,0,0,0,0,347773,0,0,0,0,523693,0,0,0,0,608303,0,0,0,0,692913,0,0,0,0,756784,0,0,0,0,820655,0,0,0,0,1997776
Liberia,LBR,"International migrant stock, total",SM.POP.TOTL,28811,0,0,0,0,37614,0,0,0,0,49605,0,0,0,0,63597,0,0,0,0,80706,0,0,0,0,82969,0,0,0,0,94964,0,0,0,0,208563,0,0,0,0,151868,0,0,0,0,87188,0,0,0,0,99129,0,0,0,0,113779
Libya,LBY,"International migrant stock, total",SM.POP.TOTL,48210,0,0,0,0,56320,0,0,0,0,122167,0,0,0,0,223398,0,0,0,0,310558,0,0,0,0,413947,0,0,0,0,457075,0,0,0,0,508041,0,0,0,0,567436,0,0,0,0,625212,0,0,0,0,683998,0,0,0,0,771146
St. Lucia,LCA,"International migrant stock, total",SM.POP.TOTL,2448,0,0,0,0,2681,0,0,0,0,2937,0,0,0,0,3217,0,0,0,0,3534,0,0,0,0,4343,0,0,0,0,5305,0,0,0,0,7152,0,0,0,0,9868,0,0,0,0,11468,0,0,0,0,12100,0,0,0,0,12771
Latin America & Caribbean,LCN,"International migrant stock, total",SM.POP.TOTL,6097596,0,0,0,0,5938660,0,0,0,0,5762919,0,0,0,0,5757439,0,0,0,0,6009936,0,0,0,0,6200740,0,0,0,0,6957619,0,0,0,0,6455289,0,0,0,0,6311653,0,0,0,0,6944332,0,0,0,0,7968729,0,0,0,0,8946249
Least developed countries: UN classification,LDC,"International migrant stock, total",SM.POP.TOTL,6763999,0,0,0,0,7297329,0,0,0,0,7541223,0,0,0,0,7074320,0,0,0,0,9224904,0,0,0,0,9139505,0,0,0,0,11073226,0,0,0,0,11708074,0,0,0,0,10073307,0,0,0,0,9803046,0,0,0,0,10009470,0,0,0,0,11940491
Low income,LIC,"International migrant stock, total",SM.POP.TOTL,5319713,0,0,0,0,6025479,0,0,0,0,6359362,0,0,0,0,6198842,0,0,0,0,7947595,0,0,0,0,7331809,0,0,0,0,9795877,0,0,0,0,10603383,0,0,0,0,9007764,0,0,0,0,8932252,0,0,0,0,9798230,0,0,0,0,10877021
Liechtenstein,LIE,"International migrant stock, total",SM.POP.TOTL,4070,0,0,0,0,5328,0,0,0,0,7012,0,0,0,0,8076,0,0,0,0,9302,0,0,0,0,9888,0,0,0,0,10906,0,0,0,0,13311,0,0,0,0,15483,0,0,0,0,18898,0,0,0,0,22342,0,0,0,0,23493
Sri Lanka,LKA,"International migrant stock, total",SM.POP.TOTL,1005317,0,0,0,0,1026891,0,0,0,0,1085423,0,0,0,0,885875,0,0,0,0,661917,0,0,0,0,494578,0,0,0,0,41561,0,0,0,0,40841,0,0,0,0,40132,0,0,0,0,39526,0,0,0,0,38959,0,0,0,0,38706
Lower middle income,LMC,"International migrant stock, total",SM.POP.TOTL,24102465,0,0,0,0,22939887,0,0,0,0,22140188,0,0,0,0,21465500,0,0,0,0,22671043,0,0,0,0,23044222,0,0,0,0,31765381,0,0,0,0,27655563,0,0,0,0,26429686,0,0,0,0,24474551,0,0,0,0,25168462,0,0,0,0,25576620
Low & middle income,LMY,"International migrant stock, total",SM.POP.TOTL,36521896,0,0,0,0,36041113,0,0,0,0,35630731,0,0,0,0,35019145,0,0,0,0,39884144,0,0,0,0,43702372,0,0,0,0,74854884,0,0,0,0,71487547,0,0,0,0,69708576,0,0,0,0,69752196,0,0,0,0,75029588,0,0,0,0,83424351
Lesotho,LSO,"International migrant stock, total",SM.POP.TOTL,3165,0,0,0,0,3633,0,0,0,0,4205,0,0,0,0,4977,0,0,0,0,10655,0,0,0,0,17528,0,0,0,0,8240,0,0,0,0,7204,0,0,0,0,6167,0,0,0,0,6290,0,0,0,0,6414,0,0,0,0,6572
Late-demographic dividend,LTE,"International migrant stock, total",SM.POP.TOTL,7702020,0,0,0,0,7623435,0,0,0,0,8195912,0,0,0,0,8173521,0,0,0,0,8835172,0,0,0,0,9314147,0,0,0,0,28119318,0,0,0,0,29407057,0,0,0,0,30615531,0,0,0,0,33431529,0,0,0,0,40591170,0,0,0,0,46599687
Lithuania,LTU,"International migrant stock, total",SM.POP.TOTL,0,0,0,0,0,0,0,0,0,0,0,0,0,0,0,0,0,0,0,0,0,0,0,0,0,0,0,0,0,0,349258,0,0,0,0,273587,0,0,0,0,214311,0,0,0,0,201209,0,0,0,0,160772,0,0,0,0,136036
Luxembourg,LUX,"International migrant stock, total",SM.POP.TOTL,46372,0,0,0,0,52150,0,0,0,0,58648,0,0,0,0,70058,0,0,0,0,84251,0,0,0,0,98186,0,0,0,0,113795,0,0,0,0,126106,0,0,0,0,139750,0,0,0,0,150618,0,0,0,0,163142,0,0,0,0,249325
Latvia,LVA,"International migrant stock, total",SM.POP.TOTL,0,0,0,0,0,0,0,0,0,0,0,0,0,0,0,0,0,0,0,0,0,0,0,0,0,0,0,0,0,0,646007,0,0,0,0,538093,0,0,0,0,430178,0,0,0,0,376725,0,0,0,0,313786,0,0,0,0,263126
"Macao SAR, China",MAC,"International migrant stock, total",SM.POP.TOTL,79831,0,0,0,0,88227,0,0,0,0,97506,0,0,0,0,107761,0,0,0,0,119095,0,0,0,0,154518,0,0,0,0,205047,0,0,0,0,224929,0,0,0,0,240791,0,0,0,0,279308,0,0,0,0,318506,0,0,0,0,342703
St. Martin (French part),MAF,"International migrant stock, total",SM.POP.TOTL,0,0,0,0,0,0,0,0,0,0,0,0,0,0,0,0,0,0,0,0,0,0,0,0,0,0,0,0,0,0,0,0,0,0,0,0,0,0,0,0,0,0,0,0,0,0,0,0,0,0,0,0,0,0,0,0
Morocco,MAR,"International migrant stock, total",SM.POP.TOTL,394340,0,0,0,0,223034,0,0,0,0,126146,0,0,0,0,90479,0,0,0,0,69130,0,0,0,0,59972,0,0,0,0,54895,0,0,0,0,50360,0,0,0,0,53034,0,0,0,0,54379,0,0,0,0,70909,0,0,0,0,88511
Monaco,MCO,"International migrant stock, total",SM.POP.TOTL,15380,0,0,0,0,15260,0,0,0,0,15530,0,0,0,0,16296,0,0,0,0,17466,0,0,0,0,18719,0,0,0,0,20359,0,0,0,0,21060,0,0,0,0,21787,0,0,0,0,21312,0,0,0,0,21132,0,0,0,0,21042
Moldova,MDA,"International migrant stock, total",SM.POP.TOTL,0,0,0,0,0,0,0,0,0,0,0,0,0,0,0,0,0,0,0,0,0,0,0,0,0,0,0,0,0,0,544162,0,0,0,0,367231,0,0,0,0,247828,0,0,0,0,173957,0,0,0,0,157668,0,0,0,0,142904
Madagascar,MDG,"International migrant stock, total",SM.POP.TOTL,126298,0,0,0,0,98361,0,0,0,0,72604,0,0,0,0,53591,0,0,0,0,50977,0,0,0,0,48490,0,0,0,0,23917,0,0,0,0,21177,0,0,0,0,23541,0,0,0,0,26058,0,0,0,0,28905,0,0,0,0,32075
Maldives,MDV,"International migrant stock, total",SM.POP.TOTL,1703,0,0,0,0,1802,0,0,0,0,1916,0,0,0,0,2055,0,0,0,0,2225,0,0,0,0,2422,0,0,0,0,8689,0,0,0,0,18510,0,0,0,0,27092,0,0,0,0,45045,0,0,0,0,73604,0,0,0,0,94086
Middle East & North Africa,MEA,"International migrant stock, total",SM.POP.TOTL,4293431,0,0,0,0,4434237,0,0,0,0,5200860,0,0,0,0,6738474,0,0,0,0,9454460,0,0,0,0,14876020,0,0,0,0,18100609,0,0,0,0,18442443,0,0,0,0,20000241,0,0,0,0,23172852,0,0,0,0,32601004,0,0,0,0,38864804
Mexico,MEX,"International migrant stock, total",SM.POP.TOTL,223245,0,0,0,0,205886,0,0,0,0,195369,0,0,0,0,230346,0,0,0,0,294258,0,0,0,0,479104,0,0,0,0,695674,0,0,0,0,458549,0,0,0,0,538051,0,0,0,0,712487,0,0,0,0,969538,0,0,0,0,1193155
Marshall Islands,MHL,"International migrant stock, total",SM.POP.TOTL,846,0,0,0,0,936,0,0,0,0,1035,0,0,0,0,1144,0,0,0,0,1265,0,0,0,0,1399,0,0,0,0,1158,0,0,0,0,1480,0,0,0,0,1891,0,0,0,0,2417,0,0,0,0,3089,0,0,0,0,3284
Middle income,MIC,"International migrant stock, total",SM.POP.TOTL,31202183,0,0,0,0,30015634,0,0,0,0,29271369,0,0,0,0,28820303,0,0,0,0,31936549,0,0,0,0,36370563,0,0,0,0,65059007,0,0,0,0,60884164,0,0,0,0,60700812,0,0,0,0,60819944,0,0,0,0,65231358,0,0,0,0,72547330
"Macedonia, FYR",MKD,"International migrant stock, total",SM.POP.TOTL,0,0,0,0,0,0,0,0,0,0,0,0,0,0,0,0,0,0,0,0,0,0,0,0,0,0,0,0,0,0,95142,0,0,0,0,109343,0,0,0,0,125665,0,0,0,0,127667,0,0,0,0,129701,0,0,0,0,130730
Mali,MLI,"International migrant stock, total",SM.POP.TOTL,167597,0,0,0,0,166053,0,0,0,0,164523,0,0,0,0,163008,0,0,0,0,161506,0,0,0,0,160019,0,0,0,0,160736,0,0,0,0,176187,0,0,0,0,189475,0,0,0,0,256797,0,0,0,0,336607,0,0,0,0,363145
Malta,MLT,"International migrant stock, total",SM.POP.TOTL,1712,0,0,0,0,6320,0,0,0,0,10401,0,0,0,0,8104,0,0,0,0,6313,0,0,0,0,4919,0,0,0,0,15077,0,0,0,0,17740,0,0,0,0,21521,0,0,0,0,24560,0,0,0,0,33084,0,0,0,0,41442
Myanmar,MMR,"International migrant stock, total",SM.POP.TOTL,286559,0,0,0,0,279484,0,0,0,0,272584,0,0,0,0,265854,0,0,0,0,188051,0,0,0,0,133053,0,0,0,0,133545,0,0,0,0,113663,0,0,0,0,98011,0,0,0,0,83025,0,0,0,0,76414,0,0,0,0,73308
Middle East & North Africa (excluding high income),MNA,"International migrant stock, total",SM.POP.TOTL,2865145,0,0,0,0,2589538,0,0,0,0,2726437,0,0,0,0,3124143,0,0,0,0,3996929,0,0,0,0,6997547,0,0,0,0,8286453,0,0,0,0,7656449,0,0,0,0,8067043,0,0,0,0,8426403,0,0,0,0,10068711,0,0,0,0,11427673
Montenegro,MNE,"International migrant stock, total",SM.POP.TOTL,0,0,0,0,0,0,0,0,0,0,0,0,0,0,0,0,0,0,0,0,0,0,0,0,0,0,0,0,0,0,0,0,0,0,0,0,0,0,0,0,0,0,0,0,0,0,0,0,0,0,78507,0,0,0,0,82541
Mongolia,MNG,"International migrant stock, total",SM.POP.TOTL,3684,0,0,0,0,4072,0,0,0,0,4501,0,0,0,0,4975,0,0,0,0,5499,0,0,0,0,6078,0,0,0,0,6718,0,0,0,0,7424,0,0,0,0,8206,0,0,0,0,11475,0,0,0,0,16061,0,0,0,0,17620
Northern Mariana Islands,MNP,"International migrant stock, total",SM.POP.TOTL,2648,0,0,0,0,3077,0,0,0,0,3576,0,0,0,0,4155,0,0,0,0,4828,0,0,0,0,15870,0,0,0,0,26593,0,0,0,0,32376,0,0,0,0,40122,0,0,0,0,37542,0,0,0,0,24168,0,0,0,0,21648
Mozambique,MOZ,"International migrant stock, total",SM.POP.TOTL,8949,0,0,0,0,8022,0,0,0,0,7791,0,0,0,0,37011,0,0,0,0,104807,0,0,0,0,60894,0,0,0,0,122332,0,0,0,0,168256,0,0,0,0,195702,0,0,0,0,204830,0,0,0,0,214612,0,0,0,0,222928
Mauritania,MRT,"International migrant stock, total",SM.POP.TOTL,12058,0,0,0,0,15592,0,0,0,0,20163,0,0,0,0,26073,0,0,0,0,33716,0,0,0,0,43599,0,0,0,0,111650,0,0,0,0,89562,0,0,0,0,57366,0,0,0,0,58119,0,0,0,0,84679,0,0,0,0,138162
Mauritius,MUS,"International migrant stock, total",SM.POP.TOTL,10238,0,0,0,0,10507,0,0,0,0,10517,0,0,0,0,10199,0,0,0,0,9686,0,0,0,0,9198,0,0,0,0,3613,0,0,0,0,7493,0,0,0,0,15543,0,0,0,0,19647,0,0,0,0,24836,0,0,0,0,28585
Malawi,MWI,"International migrant stock, total",SM.POP.TOTL,297710,0,0,0,0,295078,0,0,0,0,292470,0,0,0,0,289884,0,0,0,0,287322,0,0,0,0,284782,0,0,0,0,1127724,0,0,0,0,241624,0,0,0,0,232620,0,0,0,0,221661,0,0,0,0,217722,0,0,0,0,215158
Malaysia,MYS,"International migrant stock, total",SM.POP.TOTL,56895,0,0,0,0,204679,0,0,0,0,736323,0,0,0,0,717901,0,0,0,0,789130,0,0,0,0,908395,0,0,0,0,695920,0,0,0,0,937368,0,0,0,0,1277223,0,0,0,0,1722344,0,0,0,0,2406011,0,0,0,0,2514243
North America,NAC,"International migrant stock, total",SM.POP.TOTL,13600652,0,0,0,0,14386074,0,0,0,0,15239398,0,0,0,0,17523529,0,0,0,0,20189177,0,0,0,0,23407216,0,0,0,0,27600027,0,0,0,0,33332507,0,0,0,0,40343635,0,0,0,0,45355554,0,0,0,0,51213753,0,0,0,0,54481730
Namibia,NAM,"International migrant stock, total",SM.POP.TOTL,27218,0,0,0,0,34460,0,0,0,0,43628,0,0,0,0,55236,0,0,0,0,69932,0,0,0,0,88539,0,0,0,0,120641,0,0,0,0,115372,0,0,0,0,134403,0,0,0,0,106274,0,0,0,0,102405,0,0,0,0,93888
New Caledonia,NCL,"International migrant stock, total",SM.POP.TOTL,10979,0,0,0,0,17630,0,0,0,0,23392,0,0,0,0,32108,0,0,0,0,33811,0,0,0,0,34648,0,0,0,0,37673,0,0,0,0,43662,0,0,0,0,49651,0,0,0,0,55405,0,0,0,0,61158,0,0,0,0,64290
Niger,NER,"International migrant stock, total",SM.POP.TOTL,55008,0,0,0,0,63911,0,0,0,0,74254,0,0,0,0,86271,0,0,0,0,100233,0,0,0,0,116455,0,0,0,0,115464,0,0,0,0,145999,0,0,0,0,122260,0,0,0,0,124461,0,0,0,0,126464,0,0,0,0,189255
Nigeria,NGA,"International migrant stock, total",SM.POP.TOTL,94133,0,0,0,0,121891,0,0,0,0,157835,0,0,0,0,704377,0,0,0,0,1314845,0,0,0,0,347909,0,0,0,0,456621,0,0,0,0,462999,0,0,0,0,487882,0,0,0,0,648019,0,0,0,0,920118,0,0,0,0,1199115
Nicaragua,NIC,"International migrant stock, total",SM.POP.TOTL,12384,0,0,0,0,15079,0,0,0,0,20896,0,0,0,0,22675,0,0,0,0,25533,0,0,0,0,42205,0,0,0,0,41421,0,0,0,0,26619,0,0,0,0,30389,0,0,0,0,34918,0,0,0,0,37333,0,0,0,0,40262
Netherlands,NLD,"International migrant stock, total",SM.POP.TOTL,446620,0,0,0,0,341683,0,0,0,0,261402,0,0,0,0,343752,0,0,0,0,490976,0,0,0,0,761421,0,0,0,0,1182263,0,0,0,0,1346164,0,0,0,0,1556337,0,0,0,0,1736127,0,0,0,0,1832510,0,0,0,0,1979486
Norway,NOR,"International migrant stock, total",SM.POP.TOTL,61591,0,0,0,0,69216,0,0,0,0,78507,0,0,0,0,98597,0,0,0,0,123248,0,0,0,0,147660,0,0,0,0,192587,0,0,0,0,233302,0,0,0,0,292440,0,0,0,0,361144,0,0,0,0,526799,0,0,0,0,741813
Nepal,NPL,"International migrant stock, total",SM.POP.TOTL,337636,0,0,0,0,344550,0,0,0,0,345489,0,0,0,0,299373,0,0,0,0,251180,0,0,0,0,313922,0,0,0,0,429974,0,0,0,0,690225,0,0,0,0,717900,0,0,0,0,679457,0,0,0,0,578657,0,0,0,0,518278
Nauru,NRU,"International migrant stock, total",SM.POP.TOTL,410,0,0,0,0,951,0,0,0,0,1596,0,0,0,0,2634,0,0,0,0,3217,0,0,0,0,3645,0,0,0,0,2815,0,0,0,0,2605,0,0,0,0,2394,0,0,0,0,2253,0,0,0,0,2112,0,0,0,0,3178
New Zealand,NZL,"International migrant stock, total",SM.POP.TOTL,333859,0,0,0,0,386145,0,0,0,0,409446,0,0,0,0,492857,0,0,0,0,470394,0,0,0,0,480043,0,0,0,0,518047,0,0,0,0,588617,0,0,0,0,678813,0,0,0,0,839952,0,0,0,0,947443,0,0,0,0,1039736
OECD members,OED,"International migrant stock, total",SM.POP.TOTL,30802313,0,0,0,0,34281364,0,0,0,0,36832922,0,0,0,0,40404870,0,0,0,0,45218695,0,0,0,0,50166055,0,0,0,0,64286801,0,0,0,0,74158672,0,0,0,0,86309805,0,0,0,0,101518522,0,0,0,0,118486132,0,0,0,0,128285617
Oman,OMN,"International migrant stock, total",SM.POP.TOTL,43656,0,0,0,0,52362,0,0,0,0,62804,0,0,0,0,75328,0,0,0,0,146043,0,0,0,0,282251,0,0,0,0,304000,0,0,0,0,539643,0,0,0,0,623608,0,0,0,0,666160,0,0,0,0,816221,0,0,0,0,1844978
Other small states,OSS,"International migrant stock, total",SM.POP.TOTL,298708,0,0,0,0,390033,0,0,0,0,475758,0,0,0,0,610742,0,0,0,0,846943,0,0,0,0,1070151,0,0,0,0,1702222,0,0,0,0,1784954,0,0,0,0,1911587,0,0,0,0,2452150,0,0,0,0,3791960,0,0,0,0,4185638
Pakistan,PAK,"International migrant stock, total",SM.POP.TOTL,6350296,0,0,0,0,5698452,0,0,0,0,5105556,0,0,0,0,4574348,0,0,0,0,5012524,0,0,0,0,6288210,0,0,0,0,6208204,0,0,0,0,3669308,0,0,0,0,4181912,0,0,0,0,3171132,0,0,0,0,3941586,0,0,0,0,3628956
Panama,PAN,"International migrant stock, total",SM.POP.TOTL,68320,0,0,0,0,63026,0,0,0,0,58561,0,0,0,0,52791,0,0,0,0,47894,0,0,0,0,54321,0,0,0,0,62744,0,0,0,0,70848,0,0,0,0,83410,0,0,0,0,117563,0,0,0,0,157309,0,0,0,0,184710
Peru,PER,"International migrant stock, total",SM.POP.TOTL,66524,0,0,0,0,66892,0,0,0,0,67104,0,0,0,0,67097,0,0,0,0,66954,0,0,0,0,61845,0,0,0,0,65025,0,0,0,0,56732,0,0,0,0,66293,0,0,0,0,77541,0,0,0,0,84066,0,0,0,0,90881
Philippines,PHL,"International migrant stock, total",SM.POP.TOTL,219676,0,0,0,0,219555,0,0,0,0,217435,0,0,0,0,162045,0,0,0,0,134439,0,0,0,0,145508,0,0,0,0,154071,0,0,0,0,207345,0,0,0,0,318095,0,0,0,0,257468,0,0,0,0,208599,0,0,0,0,211862
Palau,PLW,"International migrant stock, total",SM.POP.TOTL,318,0,0,0,0,370,0,0,0,0,430,0,0,0,0,500,0,0,0,0,581,0,0,0,0,1310,0,0,0,0,2801,0,0,0,0,4749,0,0,0,0,6310,0,0,0,0,6043,0,0,0,0,5787,0,0,0,0,5664
Papua New Guinea,PNG,"International migrant stock, total",SM.POP.TOTL,20189,0,0,0,0,31694,0,0,0,0,49755,0,0,0,0,43690,0,0,0,0,34088,0,0,0,0,40373,0,0,0,0,32720,0,0,0,0,33526,0,0,0,0,25101,0,0,0,0,29967,0,0,0,0,25424,0,0,0,0,25782
Poland,POL,"International migrant stock, total",SM.POP.TOTL,2424881,0,0,0,0,2249668,0,0,0,0,2088027,0,0,0,0,1807979,0,0,0,0,1544789,0,0,0,0,1319912,0,0,0,0,1127771,0,0,0,0,964725,0,0,0,0,825251,0,0,0,0,722509,0,0,0,0,642417,0,0,0,0,619403
Pre-demographic dividend,PRE,"International migrant stock, total",SM.POP.TOTL,5671764,0,0,0,0,6436152,0,0,0,0,6980344,0,0,0,0,7578542,0,0,0,0,10471045,0,0,0,0,9360790,0,0,0,0,10996437,0,0,0,0,12305333,0,0,0,0,10751023,0,0,0,0,10569263,0,0,0,0,11189410,0,0,0,0,13348827
Puerto Rico,PRI,"International migrant stock, total",SM.POP.TOTL,64063,0,0,0,0,111040,0,0,0,0,188959,0,0,0,0,227027,0,0,0,0,271449,0,0,0,0,295869,0,0,0,0,321909,0,0,0,0,338067,0,0,0,0,355038,0,0,0,0,352144,0,0,0,0,304969,0,0,0,0,274972
"Korea, Dem. People’s Rep.",PRK,"International migrant stock, total",SM.POP.TOTL,25072,0,0,0,0,26596,0,0,0,0,28568,0,0,0,0,30345,0,0,0,0,31588,0,0,0,0,32859,0,0,0,0,34103,0,0,0,0,35143,0,0,0,0,36183,0,0,0,0,40097,0,0,0,0,44010,0,0,0,0,48458
Portugal,PRT,"International migrant stock, total",SM.POP.TOTL,38899,0,0,0,0,62876,0,0,0,0,101633,0,0,0,0,164280,0,0,0,0,265543,0,0,0,0,346232,0,0,0,0,435782,0,0,0,0,532822,0,0,0,0,651472,0,0,0,0,771184,0,0,0,0,762825,0,0,0,0,837257
Paraguay,PRY,"International migrant stock, total",SM.POP.TOTL,50010,0,0,0,0,56449,0,0,0,0,73061,0,0,0,0,100929,0,0,0,0,145743,0,0,0,0,174301,0,0,0,0,195884,0,0,0,0,186570,0,0,0,0,176608,0,0,0,0,168243,0,0,0,0,160299,0,0,0,0,156462
West Bank and Gaza,PSE,"International migrant stock, total",SM.POP.TOTL,0,0,0,0,0,0,0,0,0,0,0,0,0,0,0,0,0,0,0,0,0,0,0,0,0,0,0,0,0,0,288332,0,0,0,0,281767,0,0,0,0,275202,0,0,0,0,266617,0,0,0,0,258032,0,0,0,0,255507
Pacific island small states,PSS,"International migrant stock, total",SM.POP.TOTL,38580,0,0,0,0,37370,0,0,0,0,36910,0,0,0,0,37989,0,0,0,0,39496,0,0,0,0,38771,0,0,0,0,39024,0,0,0,0,42270,0,0,0,0,45219,0,0,0,0,44841,0,0,0,0,46061,0,0,0,0,48359
Post-demographic dividend,PST,"International migrant stock, total",SM.POP.TOTL,28246654,0,0,0,0,31902367,0,0,0,0,35064519,0,0,0,0,39181065,0,0,0,0,43723484,0,0,0,0,48652390,0,0,0,0,70533191,0,0,0,0,80577945,0,0,0,0,92403421,0,0,0,0,107100145,0,0,0,0,123872097,0,0,0,0,132210514
French Polynesia,PYF,"International migrant stock, total",SM.POP.TOTL,3665,0,0,0,0,5480,0,0,0,0,8194,0,0,0,0,12252,0,0,0,0,18015,0,0,0,0,23734,0,0,0,0,25830,0,0,0,0,28360,0,0,0,0,30329,0,0,0,0,32286,0,0,0,0,31640,0,0,0,0,30058
Qatar,QAT,"International migrant stock, total",SM.POP.TOTL,14400,0,0,0,0,34091,0,0,0,0,68339,0,0,0,0,119182,0,0,0,0,165426,0,0,0,0,281907,0,0,0,0,309753,0,0,0,0,361673,0,0,0,0,359697,0,0,0,0,646026,0,0,0,0,1456413,0,0,0,0,1687640
Romania,ROU,"International migrant stock, total",SM.POP.TOTL,330878,0,0,0,0,329228,0,0,0,0,283837,0,0,0,0,239035,0,0,0,0,201305,0,0,0,0,169530,0,0,0,0,135825,0,0,0,0,135037,0,0,0,0,126949,0,0,0,0,145162,0,0,0,0,155982,0,0,0,0,226943
Russian Federation,RUS,"International migrant stock, total",SM.POP.TOTL,0,0,0,0,0,0,0,0,0,0,0,0,0,0,0,0,0,0,0,0,0,0,0,0,0,0,0,0,0,0,11524948,0,0,0,0,11928927,0,0,0,0,11900297,0,0,0,0,11667588,0,0,0,0,11194710,0,0,0,0,11643276
Rwanda,RWA,"International migrant stock, total",SM.POP.TOTL,28531,0,0,0,0,33441,0,0,0,0,35759,0,0,0,0,46732,0,0,0,0,53094,0,0,0,0,81111,0,0,0,0,159869,0,0,0,0,233200,0,0,0,0,347076,0,0,0,0,432797,0,0,0,0,436787,0,0,0,0,441525
South Asia,SAS,"International migrant stock, total",SM.POP.TOTL,17823042,0,0,0,0,17168196,0,0,0,0,16513007,0,0,0,0,15613689,0,0,0,0,15654494,0,0,0,0,16148912,0,0,0,0,15144742,0,0,0,0,12405351,0,0,0,0,12474215,0,0,0,0,11153081,0,0,0,0,11565030,0,0,0,0,11377262
Saudi Arabia,SAU,"International migrant stock, total",SM.POP.TOTL,63389,0,0,0,0,155823,0,0,0,0,356996,0,0,0,0,928827,0,0,0,0,1920478,0,0,0,0,3401020,0,0,0,0,4998445,0,0,0,0,5122702,0,0,0,0,5263387,0,0,0,0,6501819,0,0,0,0,8429956,0,0,0,0,10185945
Sudan,SDN,"International migrant stock, total",SM.POP.TOTL,241992,0,0,0,0,236369,0,0,0,0,279972,0,0,0,0,321780,0,0,0,0,718515,0,0,0,0,1407776,0,0,0,0,1402896,0,0,0,0,1053396,0,0,0,0,801883,0,0,0,0,541994,0,0,0,0,578363,0,0,0,0,503477
Senegal,SEN,"International migrant stock, total",SM.POP.TOTL,168020,0,0,0,0,174824,0,0,0,0,175917,0,0,0,0,154812,0,0,0,0,119128,0,0,0,0,170026,0,0,0,0,270410,0,0,0,0,287654,0,0,0,0,231901,0,0,0,0,238298,0,0,0,0,256092,0,0,0,0,263242
Singapore,SGP,"International migrant stock, total",SM.POP.TOTL,519246,0,0,0,0,525047,0,0,0,0,530873,0,0,0,0,529006,0,0,0,0,527453,0,0,0,0,619330,0,0,0,0,727262,0,0,0,0,991492,0,0,0,0,1351691,0,0,0,0,1710594,0,0,0,0,2164794,0,0,0,0,2543638
Solomon Islands,SLB,"International migrant stock, total",SM.POP.TOTL,3715,0,0,0,0,3895,0,0,0,0,4084,0,0,0,0,4282,0,0,0,0,4289,0,0,0,0,4270,0,0,0,0,4226,0,0,0,0,4178,0,0,0,0,3981,0,0,0,0,3271,0,0,0,0,2760,0,0,0,0,2585
Sierra Leone,SLE,"International migrant stock, total",SM.POP.TOTL,45915,0,0,0,0,58809,0,0,0,0,75574,0,0,0,0,93741,0,0,0,0,93033,0,0,0,0,92441,0,0,0,0,222242,0,0,0,0,105374,0,0,0,0,98241,0,0,0,0,149615,0,0,0,0,97452,0,0,0,0,91213
El Salvador,SLV,"International migrant stock, total",SM.POP.TOTL,34446,0,0,0,0,34453,0,0,0,0,32534,0,0,0,0,30963,0,0,0,0,29719,0,0,0,0,28258,0,0,0,0,47360,0,0,0,0,39537,0,0,0,0,31713,0,0,0,0,36019,0,0,0,0,40324,0,0,0,0,42045
San Marino,SMR,"International migrant stock, total",SM.POP.TOTL,7527,0,0,0,0,7718,0,0,0,0,7914,0,0,0,0,8115,0,0,0,0,8320,0,0,0,0,8530,0,0,0,0,3310,0,0,0,0,3659,0,0,0,0,4045,0,0,0,0,4218,0,0,0,0,4399,0,0,0,0,4717
Somalia,SOM,"International migrant stock, total",SM.POP.TOTL,11356,0,0,0,0,12136,0,0,0,0,13041,0,0,0,0,14048,0,0,0,0,1605620,0,0,0,0,774569,0,0,0,0,478294,0,0,0,0,19527,0,0,0,0,20087,0,0,0,0,20670,0,0,0,0,23995,0,0,0,0,25291
Serbia,SRB,"International migrant stock, total",SM.POP.TOTL,0,0,0,0,0,0,0,0,0,0,0,0,0,0,0,0,0,0,0,0,0,0,0,0,0,0,0,0,0,0,99269,0,0,0,0,630221,0,0,0,0,856763,0,0,0,0,845120,0,0,0,0,826066,0,0,0,0,807441
Sub-Saharan Africa (excluding high income),SSA,"International migrant stock, total",SM.POP.TOTL,7896414,0,0,0,0,8673831,0,0,0,0,9244291,0,0,0,0,9899100,0,0,0,0,12916145,0,0,0,0,12966934,0,0,0,0,14491555,0,0,0,0,15115779,0,0,0,0,13462901,0,0,0,0,13671259,0,0,0,0,15187414,0,0,0,0,18664039
South Sudan,SSD,"International migrant stock, total",SM.POP.TOTL,0,0,0,0,0,0,0,0,0,0,0,0,0,0,0,0,0,0,0,0,0,0,0,0,0,0,0,0,0,0,0,0,0,0,0,0,0,0,0,0,0,0,0,0,0,0,0,0,0,0,257905,0,0,0,0,824122
Sub-Saharan Africa,SSF,"International migrant stock, total",SM.POP.TOTL,7897259,0,0,0,0,8675286,0,0,0,0,9246797,0,0,0,0,9902034,0,0,0,0,12919321,0,0,0,0,12970372,0,0,0,0,14495276,0,0,0,0,15120927,0,0,0,0,13469475,0,0,0,0,13680256,0,0,0,0,15198834,0,0,0,0,18676830
Small states,SST,"International migrant stock, total",SM.POP.TOTL,525168,0,0,0,0,612765,0,0,0,0,702885,0,0,0,0,832010,0,0,0,0,1067548,0,0,0,0,1303204,0,0,0,0,1947092,0,0,0,0,2057627,0,0,0,0,2214658,0,0,0,0,2787224,0,0,0,0,4159671,0,0,0,0,4583559
Sao Tome and Principe,STP,"International migrant stock, total",SM.POP.TOTL,7436,0,0,0,0,7253,0,0,0,0,7074,0,0,0,0,6900,0,0,0,0,6730,0,0,0,0,6252,0,0,0,0,5582,0,0,0,0,4936,0,0,0,0,4365,0,0,0,0,3433,0,0,0,0,2700,0,0,0,0,2394
Suriname,SUR,"International migrant stock, total",SM.POP.TOTL,22463,0,0,0,0,19132,0,0,0,0,16294,0,0,0,0,13878,0,0,0,0,11820,0,0,0,0,14598,0,0,0,0,18031,0,0,0,0,22270,0,0,0,0,27506,0,0,0,0,33664,0,0,0,0,39713,0,0,0,0,46836
Slovak Republic,SVK,"International migrant stock, total",SM.POP.TOTL,0,0,0,0,0,0,0,0,0,0,0,0,0,0,0,0,0,0,0,0,0,0,0,0,0,0,0,0,0,0,41295,0,0,0,0,69323,0,0,0,0,116376,0,0,0,0,130491,0,0,0,0,146319,0,0,0,0,177190
Slovenia,SVN,"International migrant stock, total",SM.POP.TOTL,0,0,0,0,0,0,0,0,0,0,0,0,0,0,0,0,0,0,0,0,0,0,0,0,0,0,0,0,0,0,178077,0,0,0,0,174419,0,0,0,0,171018,0,0,0,0,197276,0,0,0,0,253786,0,0,0,0,235966
Sweden,SWE,"International migrant stock, total",SM.POP.TOTL,295618,0,0,0,0,393687,0,0,0,0,527153,0,0,0,0,578054,0,0,0,0,624824,0,0,0,0,654158,0,0,0,0,788767,0,0,0,0,936022,0,0,0,0,1003798,0,0,0,0,1125790,0,0,0,0,1384929,0,0,0,0,1639771
Eswatini,SWZ,"International migrant stock, total",SM.POP.TOTL,16944,0,0,0,0,34813,0,0,0,0,33766,0,0,0,0,27735,0,0,0,0,33740,0,0,0,0,40960,0,0,0,0,72085,0,0,0,0,25031,0,0,0,0,22855,0,0,0,0,27097,0,0,0,0,30476,0,0,0,0,31579
Sint Maarten (Dutch part),SXM,"International migrant stock, total",SM.POP.TOTL,0,0,0,0,0,0,0,0,0,0,0,0,0,0,0,0,0,0,0,0,0,0,0,0,0,0,0,0,0,0,0,0,0,0,0,0,0,0,0,0,0,0,0,0,0,13100,0,0,0,0,26200,0,0,0,0,27295
Seychelles,SYC,"International migrant stock, total",SM.POP.TOTL,845,0,0,0,0,1455,0,0,0,0,2506,0,0,0,0,2934,0,0,0,0,3176,0,0,0,0,3438,0,0,0,0,3721,0,0,0,0,5148,0,0,0,0,6574,0,0,0,0,8997,0,0,0,0,11420,0,0,0,0,12791
Syrian Arab Republic,SYR,"International migrant stock, total",SM.POP.TOTL,276050,0,0,0,0,319431,0,0,0,0,367760,0,0,0,0,429290,0,0,0,0,497764,0,0,0,0,627729,0,0,0,0,714140,0,0,0,0,830610,0,0,0,0,832273,0,0,0,0,876410,0,0,0,0,1661922,0,0,0,0,875189
Turks and Caicos Islands,TCA,"International migrant stock, total",SM.POP.TOTL,180,0,0,0,0,291,0,0,0,0,469,0,0,0,0,756,0,0,0,0,1225,0,0,0,0,2506,0,0,0,0,5062,0,0,0,0,7039,0,0,0,0,9015,0,0,0,0,9945,0,0,0,0,10875,0,0,0,0,11688
Chad,TCD,"International migrant stock, total",SM.POP.TOTL,55072,0,0,0,0,57896,0,0,0,0,60865,0,0,0,0,63986,0,0,0,0,67267,0,0,0,0,70716,0,0,0,0,74342,0,0,0,0,89584,0,0,0,0,104825,0,0,0,0,352062,0,0,0,0,416924,0,0,0,0,516968
East Asia & Pacific (IDA & IBRD countries),TEA,"International migrant stock, total",SM.POP.TOTL,3627647,0,0,0,0,3328131,0,0,0,0,3491275,0,0,0,0,2853395,0,0,0,0,2815900,0,0,0,0,2667879,0,0,0,0,2530977,0,0,0,0,3149235,0,0,0,0,4065406,0,0,0,0,5478538,0,0,0,0,7333879,0,0,0,0,8291158
Europe & Central Asia (IDA & IBRD countries),TEC,"International migrant stock, total",SM.POP.TOTL,3772590,0,0,0,0,3577953,0,0,0,0,2823492,0,0,0,0,2269872,0,0,0,0,2611726,0,0,0,0,2507095,0,0,0,0,31440033,0,0,0,0,30764181,0,0,0,0,29190606,0,0,0,0,28120724,0,0,0,0,27145418,0,0,0,0,29325118
Togo,TGO,"International migrant stock, total",SM.POP.TOTL,101291,0,0,0,0,121155,0,0,0,0,144915,0,0,0,0,148584,0,0,0,0,152345,0,0,0,0,156202,0,0,0,0,84844,0,0,0,0,101583,0,0,0,0,137891,0,0,0,0,203379,0,0,0,0,255262,0,0,0,0,276844
Thailand,THA,"International migrant stock, total",SM.POP.TOTL,484839,0,0,0,0,409954,0,0,0,0,347394,0,0,0,0,344715,0,0,0,0,479387,0,0,0,0,406658,0,0,0,0,528693,0,0,0,0,809720,0,0,0,0,1257821,0,0,0,0,2163447,0,0,0,0,3224131,0,0,0,0,3913258
Tajikistan,TJK,"International migrant stock, total",SM.POP.TOTL,0,0,0,0,0,0,0,0,0,0,0,0,0,0,0,0,0,0,0,0,0,0,0,0,0,0,0,0,0,0,428900,0,0,0,0,348347,0,0,0,0,299266,0,0,0,0,280444,0,0,0,0,278152,0,0,0,0,275059
Turkmenistan,TKM,"International migrant stock, total",SM.POP.TOTL,0,0,0,0,0,0,0,0,0,0,0,0,0,0,0,0,0,0,0,0,0,0,0,0,0,0,0,0,0,0,306500,0,0,0,0,273565,0,0,0,0,218498,0,0,0,0,213051,0,0,0,0,197979,0,0,0,0,196386
Latin America & the Caribbean (IDA & IBRD countries),TLA,"International migrant stock, total",SM.POP.TOTL,5847076,0,0,0,0,5629817,0,0,0,0,5353269,0,0,0,0,5339038,0,0,0,0,5562747,0,0,0,0,5734915,0,0,0,0,6461378,0,0,0,0,5925237,0,0,0,0,5746878,0,0,0,0,6351251,0,0,0,0,7359053,0,0,0,0,8353697
Timor-Leste,TLS,"International migrant stock, total",SM.POP.TOTL,7148,0,0,0,0,7705,0,0,0,0,8306,0,0,0,0,8953,0,0,0,0,7706,0,0,0,0,8307,0,0,0,0,8954,0,0,0,0,9743,0,0,0,0,10602,0,0,0,0,11286,0,0,0,0,10983,0,0,0,0,10834
Middle East & North Africa (IDA & IBRD countries),TMN,"International migrant stock, total",SM.POP.TOTL,2374895,0,0,0,0,2044873,0,0,0,0,2141931,0,0,0,0,2498190,0,0,0,0,3304899,0,0,0,0,6211951,0,0,0,0,7998121,0,0,0,0,7374682,0,0,0,0,7791841,0,0,0,0,8159786,0,0,0,0,9810679,0,0,0,0,11172166
Tonga,TON,"International migrant stock, total",SM.POP.TOTL,121,0,0,0,0,236,0,0,0,0,460,0,0,0,0,895,0,0,0,0,1741,0,0,0,0,3386,0,0,0,0,2911,0,0,0,0,3274,0,0,0,0,3684,0,0,0,0,4301,0,0,0,0,5022,0,0,0,0,5731
South Asia (IDA & IBRD),TSA,"International migrant stock, total",SM.POP.TOTL,17823042,0,0,0,0,17168196,0,0,0,0,16513007,0,0,0,0,15613689,0,0,0,0,15654494,0,0,0,0,16148912,0,0,0,0,15144742,0,0,0,0,12405351,0,0,0,0,12474215,0,0,0,0,11153081,0,0,0,0,11565030,0,0,0,0,11377262
Sub-Saharan Africa (IDA & IBRD countries),TSS,"International migrant stock, total",SM.POP.TOTL,7897259,0,0,0,0,8675286,0,0,0,0,9246797,0,0,0,0,9902034,0,0,0,0,12919321,0,0,0,0,12970372,0,0,0,0,14495276,0,0,0,0,15120927,0,0,0,0,13469475,0,0,0,0,13680256,0,0,0,0,15198834,0,0,0,0,18676830
Trinidad and Tobago,TTO,"International migrant stock, total",SM.POP.TOTL,81018,0,0,0,0,70004,0,0,0,0,60495,0,0,0,0,61092,0,0,0,0,61514,0,0,0,0,55736,0,0,0,0,50666,0,0,0,0,45994,0,0,0,0,41753,0,0,0,0,44812,0,0,0,0,48226,0,0,0,0,49883
Tunisia,TUN,"International migrant stock, total",SM.POP.TOTL,169202,0,0,0,0,76356,0,0,0,0,51436,0,0,0,0,37912,0,0,0,0,37985,0,0,0,0,38029,0,0,0,0,37984,0,0,0,0,37867,0,0,0,0,36446,0,0,0,0,35040,0,0,0,0,43172,0,0,0,0,56701
Turkey,TUR,"International migrant stock, total",SM.POP.TOTL,947635,0,0,0,0,926865,0,0,0,0,376394,0,0,0,0,144529,0,0,0,0,784193,0,0,0,0,933014,0,0,0,0,1163686,0,0,0,0,1216173,0,0,0,0,1280963,0,0,0,0,1319236,0,0,0,0,1367034,0,0,0,0,2964916
Tuvalu,TUV,"International migrant stock, total",SM.POP.TOTL,372,0,0,0,0,363,0,0,0,0,355,0,0,0,0,347,0,0,0,0,339,0,0,0,0,331,0,0,0,0,318,0,0,0,0,263,0,0,0,0,217,0,0,0,0,183,0,0,0,0,154,0,0,0,0,141
Tanzania,TZA,"International migrant stock, total",SM.POP.TOTL,477027,0,0,0,0,486241,0,0,0,0,505143,0,0,0,0,607887,0,0,0,0,557173,0,0,0,0,547608,0,0,0,0,574025,0,0,0,0,1106043,0,0,0,0,928180,0,0,0,0,770846,0,0,0,0,308600,0,0,0,0,261222
Uganda,UGA,"International migrant stock, total",SM.POP.TOTL,771730,0,0,0,0,907723,0,0,0,0,948875,0,0,0,0,774582,0,0,0,0,676609,0,0,0,0,633291,0,0,0,0,558307,0,0,0,0,634620,0,0,0,0,634703,0,0,0,0,652968,0,0,0,0,529160,0,0,0,0,749471
Ukraine,UKR,"International migrant stock, total",SM.POP.TOTL,0,0,0,0,0,0,0,0,0,0,0,0,0,0,0,0,0,0,0,0,0,0,0,0,0,0,0,0,0,0,6892920,0,0,0,0,6172338,0,0,0,0,5527087,0,0,0,0,5050302,0,0,0,0,4818767,0,0,0,0,4834898
Upper middle income,UMC,"International migrant stock, total",SM.POP.TOTL,7099718,0,0,0,0,7075747,0,0,0,0,7131181,0,0,0,0,7354803,0,0,0,0,9265506,0,0,0,0,13326341,0,0,0,0,33293626,0,0,0,0,33228601,0,0,0,0,34271126,0,0,0,0,36345393,0,0,0,0,40062896,0,0,0,0,46970710
Uruguay,URY,"International migrant stock, total",SM.POP.TOTL,192155,0,0,0,0,195019,0,0,0,0,159962,0,0,0,0,131446,0,0,0,0,116786,0,0,0,0,103762,0,0,0,0,98116,0,0,0,0,93428,0,0,0,0,88871,0,0,0,0,82318,0,0,0,0,76263,0,0,0,0,71799
United States,USA,"International migrant stock, total",SM.POP.TOTL,10825599,0,0,0,0,11354439,0,0,0,0,11973787,0,0,0,0,13991349,0,0,0,0,16364410,0,0,0,0,19491741,0,0,0,0,23251026,0,0,0,0,28451053,0,0,0,0,34814053,0,0,0,0,39258293,0,0,0,0,44183643,0,0,0,0,46627102
Uzbekistan,UZB,"International migrant stock, total",SM.POP.TOTL,0,0,0,0,0,0,0,0,0,0,0,0,0,0,0,0,0,0,0,0,0,0,0,0,0,0,0,0,0,0,1653000,0,0,0,0,1512577,0,0,0,0,1405250,0,0,0,0,1329345,0,0,0,0,1220149,0,0,0,0,1170899
St. Vincent and the Grenadines,VCT,"International migrant stock, total",SM.POP.TOTL,2494,0,0,0,0,2391,0,0,0,0,2293,0,0,0,0,2199,0,0,0,0,2129,0,0,0,0,2920,0,0,0,0,3970,0,0,0,0,4135,0,0,0,0,4307,0,0,0,0,4395,0,0,0,0,4485,0,0,0,0,4577
"Venezuela, RB",VEN,"International migrant stock, total",SM.POP.TOTL,509504,0,0,0,0,563247,0,0,0,0,589283,0,0,0,0,731423,0,0,0,0,966364,0,0,0,0,1032566,0,0,0,0,1025009,0,0,0,0,1019996,0,0,0,0,1013663,0,0,0,0,1070562,0,0,0,0,1331488,0,0,0,0,1404448
British Virgin Islands,VGB,"International migrant stock, total",SM.POP.TOTL,651,0,0,0,0,1464,0,0,0,0,3180,0,0,0,0,3513,0,0,0,0,3906,0,0,0,0,5444,0,0,0,0,8035,0,0,0,0,10046,0,0,0,0,12058,0,0,0,0,13808,0,0,0,0,15558,0,0,0,0,17308
Virgin Islands (U.S.),VIR,"International migrant stock, total",SM.POP.TOTL,12069,0,0,0,0,20342,0,0,0,0,33704,0,0,0,0,40390,0,0,0,0,48065,0,0,0,0,50029,0,0,0,0,51970,0,0,0,0,54241,0,0,0,0,56611,0,0,0,0,56647,0,0,0,0,56684,0,0,0,0,56721
Vietnam,VNM,"International migrant stock, total",SM.POP.TOTL,4010,0,0,0,0,4216,0,0,0,0,4433,0,0,0,0,4661,0,0,0,0,38901,0,0,0,0,28153,0,0,0,0,28118,0,0,0,0,51262,0,0,0,0,56754,0,0,0,0,51768,0,0,0,0,61756,0,0,0,0,72793
Vanuatu,VUT,"International migrant stock, total",SM.POP.TOTL,2832,0,0,0,0,3059,0,0,0,0,3304,0,0,0,0,3569,0,0,0,0,3511,0,0,0,0,2752,0,0,0,0,2308,0,0,0,0,2461,0,0,0,0,2626,0,0,0,0,2800,0,0,0,0,2991,0,0,0,0,3187
World,WLD,"International migrant stock, total",SM.POP.TOTL,71884946,0,0,0,0,75216134,0,0,0,0,78381866,0,0,0,0,82720982,0,0,0,0,93716870,0,0,0,0,104614205,0,0,0,0,152269004,0,0,0,0,160448332,0,0,0,0,172278883,0,0,0,0,190789342,0,0,0,0,221233994,0,0,0,0,243192681
Samoa,WSM,"International migrant stock, total",SM.POP.TOTL,3430,0,0,0,0,3442,0,0,0,0,3373,0,0,0,0,3742,0,0,0,0,4347,0,0,0,0,2422,0,0,0,0,3357,0,0,0,0,4694,0,0,0,0,5998,0,0,0,0,5746,0,0,0,0,5122,0,0,0,0,4929
Kosovo,XKX,"International migrant stock, total",SM.POP.TOTL,0,0,0,0,0,0,0,0,0,0,0,0,0,0,0,0,0,0,0,0,0,0,0,0,0,0,0,0,0,0,0,0,0,0,0,0,0,0,0,0,0,0,0,0,0,0,0,0,0,0,0,0,0,0,0,0
"Yemen, Rep.",YEM,"International migrant stock, total",SM.POP.TOTL,159146,0,0,0,0,177076,0,0,0,0,197025,0,0,0,0,219222,0,0,0,0,259374,0,0,0,0,276039,0,0,0,0,118863,0,0,0,0,136515,0,0,0,0,143495,0,0,0,0,171073,0,0,0,0,285837,0,0,0,0,344131
South Africa,ZAF,"International migrant stock, total",SM.POP.TOTL,927656,0,0,0,0,945162,0,0,0,0,961496,0,0,0,0,962371,0,0,0,0,983303,0,0,0,0,1808198,0,0,0,0,1163883,0,0,0,0,1003807,0,0,0,0,1001825,0,0,0,0,1210936,0,0,0,0,1943099,0,0,0,0,3142511
Zambia,ZMB,"International migrant stock, total",SM.POP.TOTL,360835,0,0,0,0,325507,0,0,0,0,303465,0,0,0,0,297072,0,0,0,0,278798,0,0,0,0,281906,0,0,0,0,279029,0,0,0,0,244338,0,0,0,0,321167,0,0,0,0,252749,0,0,0,0,149637,0,0,0,0,127915
Zimbabwe,ZWE,"International migrant stock, total",SM.POP.TOTL,387173,0,0,0,0,448754,0,0,0,0,499069,0,0,0,0,484678,0,0,0,0,470728,0,0,0,0,513780,0,0,0,0,626821,0,0,0,0,431226,0,0,0,0,410041,0,0,0,0,392693,0,0,0,0,397891,0,0,0,0,398866
